Item Name,Qty,Price (total) (USD),Item link,Notes
1x Digital Voltmeter & Ammeter,1,$9.99,https://www.amazon.com/Exqutoo-Digital-Voltmeter-Electronic-Experiments/dp/B0CQC6781P?sr=1-1-spons&sp_csd=d2lkZ2V0TmFtZT1zcF9hdGY,Comes in a pack of 2
Variable Buck Converter,1,$17.99,https://www.amazon.com/HiLetgo-Constant-Automatic-Step-Down-Regulator/dp/B082KPGLVQ?sr=1-1-spons&sp_csd=d2lkZ2V0TmFtZT1zcF9hdGY,
200kΩ Potentiometer,1,$9.99,https://www.amazon.com/ALLECIN-RV24YN20S-Potentiometer-500000-Potentometers/dp/B0D6WHHDLK?sr=8-6-spons&sp_csd=d2lkZ2V0TmFtZT1zcF9tdGY,
500kΩ Potentiometer,1,$9.99,https://www.amazon.com/ALLECIN-RV24YN20S-Potentiometer-500000-Potentometers/dp/B0D6WJPVQ1?sr=8-6-spons&sp_csd=d2lkZ2V0TmFtZT1zcF9tdGY,
Banana Binding Post,2,$6.99,https://www.amazon.com/CESS-Amplifier-Terminal-Connector-Connectors/dp/B07CQSCK9J?sr=8-8,Comes in a pack of 4
18 Gauge Wire,,$9.23,https://www.amazon.com/Electrical-Electric-Stranded-Automotive-Flexible/dp/B0G4JWWVH7?sr=8-1-spons&sp_csd=d2lkZ2V0TmFtZT1zcF9hdGY,For connecting components
PLA,,$11.19,https://us.store.bambulab.com/products/pla-basic-filament?id=40475106640008,To print the enclosure
,,,,
,,,,
,,,,
,,,,
,,,,
,,,,
,,,,
,,,,
,,,,
,,,,
,,,,
,,,,
Total Price (USD):,$75.37,,,